code,system
26506,med
26504,med
26861,med
25181,med
102871,med
173A.,med
663e.,med
663e1,med
663e0,med
663f.,med
XaObj,med
178B.,med
6635,med
663e.,med
25181,med
26506,med
26504,med
26861,med
102871,med
663e0,med
XaObj,med
663e1,med
663f.,med
173A.,med
663e.,med
178B.,med
663e.,med
29645,med
20886,med
18224,med
20860,med
16785,med
16667,med
18223,med
9663,med
Xa8Hn,med
XaIQD,med
8793.,med
8796.,med
8797.,med
8794.,med
XaIQE,med
8798.,med
8795.,med
8796.,med
8793.,med
8794.,med
8795.,med
8798.,med
8797.,med
18224,med
18223,med
16785,med
9663,med
20860,med
16667,med
20886,med
29645,med
XaIQD,med
8796.,med
8795.,med
8797.,med
XaIQE,med
8793.,med
8794.,med
Xa8Hn,med
8798.,med
8794.,med
8793.,med
8795.,med
8797.,med
8796.,med
8798.,med
19167,med
25707,med
25705,med
25706,med
11387,med
41554,med
81,med
19539,med
16655,med
46529,med
30382,med
18141,med
30458,med
XaIu5,med
9OJ4.,med
XE2Nb,med
XaBU3,med
XaIu6,med
XaIRN,med
9OJ1.,med
9OJ9.,med
9OJ3.,med
XaBU2,med
9OJ9.,med
9OJ1.,med
9OJA.,med
9OJ2.,med
66YE.,med
9OJ..,med
9OJ5.,med
66YR.,med
9OJ4.,med
9OJZ.,med
9OJ6.,med
663..,med
9OJ3.,med
66YQ.,med
41554,med
30382,med
81,med
25707,med
46529,med
18141,med
11387,med
19167,med
25705,med
30458,med
19539,med
25706,med
XaIu5,med
9OJ4.,med
9OJ1.,med
XaIu6,med
XaBU2,med
9OJ9.,med
XaBU3,med
9OJ3.,med
XE2Nb,med
XaIRN,med
9OJ1.,med
9OJ..,med
66YQ.,med
9OJA.,med
66YR.,med
11695,med
11673,med
103955,med
XaObl,med
1782.,med
103955,med
XaObl,med
1782.,med
45073,med
58196,med
5267,med
29325,med
18323,med
H331.,med
H3310,med
XE0YU,med
X1022,med
H3311,med
H331z,med
XE0ZR,med
H3310,med
XE0YU,med
H331111,med
H331.,med
H3311,med
H331z,med
XE0ZR,med
X1022,med
45073,med
29325,med
18323,med
5267,med
58196,med
X1022,med
H331z,med
XE0ZR,med
H3310,med
XE0YU,med
H3311,med
H331.,med
H331.,med
XE0ZR,med
H331z,med
H331111,med
H3310,med
XE0YU,med
H3311,med
X1022,med
9018,med
XaINh,med
663y.,med
9018,med
XaINh,med
663y.,med
5867,med
4606,med
41017,med
X1029,med
173A.,med
H33zz11,med
1780.,med
5867,med
41017,med
4606,med
X1029,med
173A.,med
H33zz11,med
1780.,med
4836,med
4836,med
22752,med
X1025,med
173c.,med
22752,med
X1025,med
173c.,med
103318,med
100740,med
106805,med
XaRFk,med
Xaa7B,med
Xac33,med
XaRFl,med
Xac33,med
679J2,med
Xaa7B,med
663J.,med
679J1,med
103318,med
106805,med
100740,med
Xac33,med
XaRFk,med
XaRFl,med
Xaa7B,med
Xac33,med
679J2,med
Xaa7B,med
679J1,med
38145,med
38144,med
XaINg,med
XaINf,med
663w.,med
663x.,med
38144,med
38145,med
XaINf,med
XaINg,med
663x.,med
663w.,med
103813,med
102952,med
XaLJS,med
XaObm,med
1783.,med
1788.,med
102952,med
103813,med
XaObm,med
XaLJS,med
1783.,med
1788.,med
15248,med
5627,med
X1020,med
H3300,med
X1020,med
H330.13,med
H330011,med
15248,med
5627,med
H3300,med
X1020,med
H330.13,med
X1020,med
H330011,med
7416,med
38143,med
13175,med
13173,med
663N2,med
663O.,med
663O0,med
663N.,med
663N.,med
663N2,med
663O0,med
663O.,med
13173,med
13175,med
38143,med
7416,med
663O0,med
663O.,med
663N.,med
663N2,med
663N.,med
663N2,med
663O.,med
663O0,med
30308,med
XaR8K,med
9N4Q.,med
30308,med
XaR8K,med
6707,med
7146,med
27926,med
45782,med
14777,med
H330z,med
XE0YS,med
X101y,med
XE0YR,med
H3300,med
H330z,med
X101y,med
XE0YR,med
H330000,med
H330.,med
H330100,med
H3301,med
XE0YS,med
H330111,med
6707,med
45782,med
7146,med
14777,med
27926,med
H330z,med
XE0YS,med
XE0YR,med
X101y,med
H330000,med
XE0YS,med
H330111,med
XE0YR,med
H330z,med
H3301,med
H330.,med
H330100,med
H3300,med
X101y,med
26496,med
679J.,med
Xac8r,med
679J.,med
26496,med
Xac8r,med
679J.,med
233,med
3366,med
H33z0,med
663V3,med
XacXj,med
H33z011,med
663V3,med
233,med
3366,med
H33z0,med
663V3,med
XacXj,med
H33z011,med
663V3,med
21232,med
H33zz,med
X101z,med
H33zz12,med
X101z,med
H33zz13,med
21232,med
H33zz,med
X101z,med
H33zz12,med
X101z,med
4892,med
16070,med
39478,med
3018,med
663V1,med
XE0YV,med
XE0YX,med
68C3.,med
663V1,med
H33zz,med
XE0YX,med
1J70.,med
H35y7,med
H33z0,med
TJF7z,med
XE0YV,med
G581.11,med
G581.,med
3018,med
4892,med
39478,med
16070,med
XE0YV,med
XE0YX,med
663V1,med
XE0YX,med
H35y7,med
H33zz,med
XE0YV,med
H33z0,med
663V1,med
232,med
8335,med
XE0YW,med
XE0ZT,med
H33z1,med
XE0ZT,med
H33z1,med
XM0s2,med
XE0YW,med
8335,med
232,med
H33z1,med
XE0ZT,med
XE0YW,med
H33z1,med
H33z111,med
XE0ZT,med
XE0YW,med
XM0s2,med
1208,med
X101t,med
X101t,med
H330.12,med
1208,med
X101t,med
H330.12,med
X101t,med
7058,med
24479,med
47337,med
XaIIW,med
8H2P.,med
663d.,med
8H2P.,med
24479,med
7058,med
47337,med
663d.,med
XaIIW,med
8H2P.,med
8H2P.,med
18692,med
13174,med
102713,med
102888,med
7191,med
103998,med
663Q.,med
XaXZx,med
XaXZu,med
663P.,med
XaXZs,med
663Q.,med
663P1,med
663P.,med
663P2,med
663P0,med
102888,med
13174,med
103998,med
7191,med
102713,med
XaXZx,med
XaXZs,med
XaXZu,med
663P.,med
663Q.,med
663P1,med
663P.,med
663Q.,med
663P0,med
663P2,med
26503,med
26501,med
42824,med
XaIIZ,med
XaINa,med
XaINd,med
663q.,med
26503,med
26501,med
42824,med
XaINa,med
XaINd,med
XaIIZ,med
663q.,med
102400,med
24884,med
31225,med
39570,med
XaINc,med
XaINZ,med
XaXZm,med
XaINb,med
39570,med
31225,med
24884,med
102400,med
XaINb,med
XaXZm,med
XaINc,med
XaINZ,med
3458,med
663V0,med
663V0,med
3458,med
663V0,med
663V0,med
1555,med
H33..11,med
1555,med
H33..11,med
99793,med
XaRFi,med
8CMA0,med
99793,med
XaRFi,med
8CMA0,med
73522,med
41020,med
XaIR3,med
XaKdk,med
X1028,med
173d.,med
66YC.,med
41020,med
73522,med
XaKdk,med
XaIR3,med
X1028,med
66YC.,med
173d.,med
31167,med
103612,med
102395,med
XaXZp,med
XaY2V,med
XaIoE,med
66YP.,med
66Yq.,med
102395,med
31167,med
103612,med
XaIoE,med
XaY2V,med
XaXZp,med
66Yq.,med
66YP.,med
102209,med
20422,med
XaQih,med
38DV.,med
102209,med
20422,med
XaQih,med
37943,med
31135,med
Xabj3,med
9OJ7.,med
XacLz,med
XacM0,med
9OJ8.,med
XacM1,med
9OJ7.,med
9OJ8.,med
31135,med
37943,med
XacLz,med
XacM0,med
XacM1,med
Xabj3,med
9OJ7.,med
9OJ8.,med
47684,med
H47y0,med
H47y0,med
47684,med
H47y0,med
H47y0,med
24506,med
X1023,med
8791.,med
24506,med
X1023,med
2290,med
X1021,med
X101x,med
XE0YQ,med
XE0YT,med
X101x,med
XE0YQ,med
X1021,med
H330.11,med
XE0YT,med
2290,med
XE0YT,med
X101x,med
X1021,med
XE0YQ,med
XE0YQ,med
X1021,med
XE0YT,med
H330.11,med
X101x,med
25791,med
9552,med
7378,med
XaJYe,med
XaIQ4,med
663U.,med
663U.,med
8CR0.,med
25791,med
9552,med
7378,med
XaIQ4,med
663U.,med
XaJYe,med
663U.,med
8CR0.,med
11370,med
XaIuG,med
1O2..,med
11370,med
XaIuG,med
1O2..,med
107167,med
XaYZh,med
66Yu.,med
107167,med
XaYZh,med
66Yu.,med
13065,med
663V2,med
Xafdy,med
663V2,med
13065,med
663V2,med
Xafdy,med
663V2,med
25796,med
H332.,med
H332.,med
25796,med
H332.,med
H332.,med
40823,med
Ua1AX,med
Ua1AX,med
H334.,med
40823,med
Ua1AX,med
Ua1AX,med
H334.,med
19520,med
19519,med
XaIIX,med
XaIIY,med
663n.,med
19520,med
19519,med
XaIIY,med
XaIIX,med
663n.,med
10043,med
XaIeq,med
66YJ.,med
10043,med
XaIeq,med
66YJ.,med
35927,med
8CE2.,med
35927,med
5515,med
9N1d.,med
5515,med
11022,med
103945,med
XaLJT,med
XaIww,med
XaYja,med
178..,med
1785.,med
11022,med
103945,med
XaYja,med
XaLJT,med
XaIww,med
178..,med
1785.,med
4442,med
H33z.,med
H33z.,med
4442,med
H33z.,med
H33z.,med
105674,med
105420,med
100107,med
XaYb8,med
XaRFj,med
XaYZB,med
661M1,med
661N1,med
100107,med
105420,med
105674,med
XaRFj,med
XaYZB,med
XaYb8,med
102170,med
XaX3n,med
102170,med
XaX3n,med
10274,med
XaIfK,med
8B3j.,med
10274,med
XaIfK,med
8B3j.,med
103944,med
XaObi,med
178A.,med
103944,med
XaObi,med
178A.,med
102341,med
7731,med
XaObk,med
H330.,med
H330.14,med
1781.,med
102341,med
7731,med
XaObk,med
H330.,med
1781.,med
H330.14,med
10487,med
XaDvK,med
H33z111,med
663j.,med
10487,med
XaDvK,med
663j.,med
43770,med
13Y4.,med
30815,med
663N0,med
663N0,med
30815,med
663N0,med
663N0,med
48591,med
40864,med
U60F615,med
48591,med
40864,med
98185,med
XaQHq,med
38DL.,med
98185,med
XaQHq,med
5798,med
H3120,med
H3120,med
H312011,med
5798,med
H3120,med
H3120,med
93353,med
H35y6,med
100509,med
XaQij,med
100509,med
XaQij,med
103952,med
XaLJU,med
1784.,med
103952,med
XaLJU,med
1784.,med
102301,med
XaLIn,med
1787.,med
102301,med
XaLIn,med
1787.,med
7229,med
7229,med
13064,med
663V.,med
663V.,med
13064,med
663V.,med
663V.,med
13176,med
XaIer,med
66YK.,med
13176,med
XaIer,med
66YK.,med
8355,med
9OJA.,med
8355,med
9OJA.,med
12987,med
3665,med
X101u,med
X101u,med
H33z2,med
12987,med
3665,med
X101u,med
X101u,med
H33z2,med
103321,med
XaLIr,med
1786.,med
103321,med
XaLIr,med
1786.,med
5138,med
9Q21.,med
9Q21.,med
5138,med
9Q21.,med
185,med
Xafdj,med
Xa9zf,med
Xa1Hd,med
H333.,med
Xa9zf,med
185,med
Xa9zf,med
Xa1Hd,med
Xafdj,med
Xa9zf,med
H333.,med
103631,med
93736,med
XaXa0,med
XaNKw,med
103631,med
93736,med
XaNKw,med
XaXa0,med
38146,med
663N1,med
663N1,med
38146,med
663N1,med
663N1,med
18763,med
8HTT.,med
18763,med
13066,med
XaDvL,med
663h.,med
XaDvL,med
663h.,med
92109,med
9NI8.,med
92109,med
100397,med
XaQig,med
38DT.,med
66Yp.,med
100397,med
XaQig,med
66Yp.,med
102449,med
XaLIm,med
1789.,med
102449,med
XaLIm,med
1789.,med
XaBAQ,med
XaBAQ,med
X1026,med
X1026,med
X102G,med
X102G,med
X1024,med
X1024,med
X1024,med
X1024,med
Xa1hD,med
Xa1hD,med
H3301,med
H3301,med
Xaff0,med
Xaff0,med
XE0ZP,med
XE0ZP,med
XE0ZP,med
XE0ZP,med
XaJFG,med
XaJFG,med
XaLPE,med
XaLPE,med
XaLPE,med
XaLPE,med
XacXk,med
388t.,med
XacXk,med
X102D,med
X102D,med
X102D,med
X102D,med
Xaa7Q,med
Xaa7Q,med
Xabiu,med
Xabiu,med
XaYpF,med
XaYpF,med
Xafdz,med
Xafdz,med
XaIOV,med
9hA..,med
9hA2.,med
XaIOV,med
Xa0lZ,med
Xa0lZ,med
Xa0lZ,med
Xa0lZ,med
X1027,med
X1027,med
9OJ5.,med
9OJ5.,med
9OJ6.,med
9OJ6.,med
66Ys.,med
663t.,med
663u.,med
663v.,med
663s.,med
66Yr.,med
663r.,med
66Yr.,med
663t.,med
663s.,med
663v.,med
663r.,med
66Ys.,med
663u.,med
21262,med
212G.,med
9hA1.,med
663p.,med
663p.,med
663e0,med
663f.,med
663e1,med
663e0,med
663e1,med
663f.,med
66YA.,med
66Y9.,med
66YZ.,med
679J0,med
66Y9.,med
679J0,med
66YA.,med
TJF7.,med
663d.,med
9NNX.,med
663d.,med
9NNX.,med
66Yc.,med
388t0,med
TJF73,med
66Y5.,med
66Y5.,med
663W.,med
U60F6,med
663m.,med
663m.,med
H335.,med
H335.,med
H3B..,med